HA,H,N,CA,CB,C
4.2183037,8.171072,123.03056,54.481606,39.60193,176.23076
4.288505,8.229738,120.86862,54.4964,41.19233,176.7896
4.2396193,8.002192,120.20862,54.452564,40.688934,176.82527
4.389562,7.923272,120.90018,55.490192,41.826035,177.6455
